{
  "P01": {
    "level": 50,
    "last_change_ts": 1763052017.6062143
  },
  "P02": {
    "level": 50,
    "last_change_ts": 1763052017.6081698
  },
  "P03": {
    "level": 50,
    "last_change_ts": 1763052017.6101966
  },
  "P04": {
    "level": 50,
    "last_change_ts": 1763052017.6117206
  },
  "P05": {
    "level": 50,
    "last_change_ts": 1763052017.6137183
  },
  "P06": {
    "level": 50,
    "last_change_ts": 1763052017.6157262
  },
  "P07": {
    "level": 50,
    "last_change_ts": 1763052017.6177676
  },
  "P08": {
    "level": 50,
    "last_change_ts": 1763052017.6198547
  },
  "P09": {
    "level": 50,
    "last_change_ts": 1763052017.62145
  },
  "P10": {
    "level": 50,
    "last_change_ts": 1763052017.6233659
  },
  "P11": {
    "level": 50,
    "last_change_ts": 1763052017.6253765
  },
  "P12": {
    "level": 50,
    "last_change_ts": 1763052017.6268923
  },
  "P13": {
    "level": 50,
    "last_change_ts": 1763052017.6288974
  },
  "P14": {
    "level": 50,
    "last_change_ts": 1763052017.6309037
  },
  "P15": {
    "level": 50,
    "last_change_ts": 1763052017.6329174
  },
  "P16": {
    "level": 50,
    "last_change_ts": 1763052017.634978
  },
  "P17": {
    "level": 50,
    "last_change_ts": 1763052017.636495
  },
  "P18": {
    "level": 50,
    "last_change_ts": 1763052017.63849
  },
  "SK1": {
    "level": 0,
    "last_change_ts": 0.0
  },
  "SK2": {
    "level": 0,
    "last_change_ts": 0.0
  }
}